Series Name,Series Code,Country Name,Country Code,2000 [YR2000],2001 [YR2001],2002 [YR2002],2003 [YR2003],2004 [YR2004],2005 [YR2005],2006 [YR2006],2007 [YR2007],2008 [YR2008],2009 [YR2009],2010 [YR2010],2011 [YR2011],2012 [YR2012],2013 [YR2013],2014 [YR2014],2015 [YR2015],2016 [YR2016],2017 [YR2017],2018 [YR2018],2019 [YR2019],2020 [YR2020],2021 [YR2021],2022 [YR2022],2023 [YR2023]
"Inflation, consumer prices (annual %)",FP.CPI.TOTL.ZG,Australia,AUS,4.45743514797223,4.40713536201469,2.98157453936348,2.73259596616786,2.34325522482584,2.69183168316832,3.55528773727026,2.32761128891475,4.35029854990048,1.77111716621253,2.91834002677376,3.30385015608741,1.76278015613196,2.44988864142539,2.48792270531401,1.5083667216592,1.2769909449733,1.94864740944521,1.91140094445694,1.6107678729038,0.846905537459283,2.86391042204996,6.59409671341846,5.59701492537313
"Inflation, consumer prices (annual %)",FP.CPI.TOTL.ZG,Austria,AUT,2.34486285357281,2.65000077279529,1.81035787764127,1.35555370896452,2.06120618032862,2.29913785639286,1.44154851119019,2.1685552880075,3.21595033239886,0.506308827696515,1.81353438995062,3.28657914875377,2.48567562177015,2.00015616900599,1.60581182954475,0.896563335260335,0.891591752655315,2.08126911385585,1.99837981429547,1.53089564152644,1.38191063351859,2.7666666666667,8.54686993188449,7.81413417002833
"Inflation, consumer prices (annual %)",FP.CPI.TOTL.ZG,Belgium,BEL,2.54451776190909,2.46925823086077,1.64521436175358,1.58896399970379,2.09728311239315,2.78143263670022,1.79120770070459,1.82305630026808,4.48944420508402,-0.0531456741253725,2.18929920422458,3.53208210722743,2.83966343445896,1.11309594027539,0.340002833356965,0.561429152790087,1.97385264653175,2.12597086002608,2.05316499865184,1.4368195699643,0.740791812220353,2.44024851144083,9.59751172872501,4.04901077613945
"Inflation, consumer prices (annual %)",FP.CPI.TOTL.ZG,Canada,CAN,2.71943995691976,2.52512013979906,2.25839440940855,2.75856321360112,1.85725871857256,2.21355203439768,2.00202539534162,2.13838399266837,2.37027067444298,0.299466803009305,1.77687154092627,2.91213508872347,1.51567823124525,0.938291897815245,1.90663590717867,1.12524136094278,1.42875954701085,1.5968841285297,2.26822567248104,1.94926902411596,0.716999632307807,3.39519318527533,6.80280115341609,3.87900159788427
"Inflation, consumer prices (annual %)",FP.CPI.TOTL.ZG,Colombia,COL,9.22534818585364,7.96556090304835,6.35150728778871,7.12978862941861,5.90402005546502,5.05101962689696,4.29342363628925,5.54438485815156,6.99688495554511,4.20251661216482,2.27200227892011,3.41503344776242,3.16930188840057,2.01699224310385,2.89883787761735,4.9898311584953,7.51346024627682,4.3143132569501,3.2405693293057,3.5230193274144,2.5266350008471,3.49505757399449,10.1772313546166,11.735904494869
"Inflation, consumer prices (annual %)",FP.CPI.TOTL.ZG,Denmark,DNK,2.90328203236453,2.33787000255262,2.42443661219696,2.07507820646508,1.15435693124932,1.81781458291254,1.92422138464594,1.69326586220316,3.41626794258373,1.30470991024336,2.31092436974793,2.75868226051242,2.39791485664643,0.789071780078059,0.564020540449519,0.452034153691592,0.25000000000002,1.14713216957606,0.813609467455621,0.758131572511616,0.420711974110097,1.85304543989681,7.69656699889264,3.30517811237605
"Inflation, consumer prices (annual %)",FP.CPI.TOTL.ZG,France,FRA,1.67595988720928,1.63478079549602,1.9234122872706,2.09847219146923,2.14208964640241,1.74586936380482,1.67512449608723,1.4879980595386,2.81286194914787,0.0876204781574486,1.53112270420927,2.11159795174999,1.95419531613501,0.863715497861873,0.507758822937963,0.0375143805125298,0.183334861123829,1.03228275064667,1.85081508315501,1.10825492288292,0.476498852725014,1.64233141038393,5.22236748369736,4.87835726508438
"Inflation, consumer prices (annual %)",FP.CPI.TOTL.ZG,Germany,DEU,1.4402683871974,1.98385731334472,1.42080615551526,1.03422218628562,1.66573696655992,1.54691114751329,1.57742642840562,2.29834400700951,2.6283798163722,0.312739007368444,1.1038103778926,2.07517283735874,2.00848884782953,1.50472330251882,0.906794000434214,0.514426137125455,0.491747008445213,1.50949485109622,1.73216879766948,1.44565976888253,0.144877925813963,3.0666666666667,6.87257438551096,5.94643667725828
"Inflation, consumer prices (annual %)",FP.CPI.TOTL.ZG,India,IND,4.00943591045191,3.77929312235638,4.29715203929563,3.8058589952885,3.76725173477515,4.24634362031923,5.79652337561633,6.37288135593232,8.34926704907581,10.8823529411764,11.9893899204244,8.9117933648337,9.47899691419798,10.0178784746103,6.66565671867896,4.9069734412726,4.94821634062135,3.328173374613,3.93882646691633,3.72950573539127,6.62343677628536,5.13140747176368,6.69903414079849,5.64914318907929
"Inflation, consumer prices (annual %)",FP.CPI.TOTL.ZG,Indonesia,IDN,3.68862037056682,11.5001160550887,11.9001200338414,6.75731256333563,6.06406189133647,10.4532001873347,13.108670985346,6.40656087966005,10.2266663272483,4.38641311792073,5.13420639015885,5.35604849112584,4.27951426919427,6.41249457900392,6.39492882396561,6.36312061196643,3.52580452815451,3.80879857691949,3.19834755924998,3.03058460941658,1.91983527270797,1.56007882983335,4.20946463714783,3.6693865485976
"Inflation, consumer prices (annual %)",FP.CPI.TOTL.ZG,Ireland,IRL,5.57763269940386,4.85280279607477,4.62820512820515,3.49221909079765,2.17854605730523,2.45654692931639,3.93576114001353,4.88574537540807,4.03568834941386,-4.44754686876747,-0.918388645376769,2.54897830208553,1.69474116680362,0.515099484900551,0.190916398713822,-0.330959783371778,0.0201247735962648,0.362173038229412,0.471130713712891,0.937842961189285,-0.326183651280059,2.34034113447046,7.82945736434107,6.29942487419122
"Inflation, consumer prices (annual %)",FP.CPI.TOTL.ZG,Mexico,MEX,9.49156149435403,6.36773806235037,5.03072733151295,4.54690012118718,4.68840884843143,3.98805714597437,3.62946762439132,3.96684905458234,5.12498274575896,5.29735584228857,4.15672722680173,3.40737824605738,4.11150981070296,3.80639069747206,4.01861608078671,2.72064064964029,2.82170784747655,6.04145724018993,4.89935015356547,3.63596142127045,3.39683415570006,5.68920847683757,7.89627619168551,5.52796087314385
"Inflation, consumer prices (annual %)",FP.CPI.TOTL.ZG,Netherlands,NLD,2.36052233801948,4.15584127195613,3.28753104712771,2.09199838997654,1.2636473918318,1.68813017869623,1.10150106517702,1.61385859802103,2.48650198289454,1.18977687021549,1.27530569556683,2.34107017751372,2.45554765291609,2.50689852657885,0.976035079699672,0.600248147278746,0.3166666666667,1.38145871407207,1.70349794744475,2.63369910249596,1.27246037789166,2.67572008805385,10.0012078753473,3.8383935434281
"Inflation, consumer prices (annual %)",FP.CPI.TOTL.ZG,Switzerland,CHE,1.5585291967901,0.989020329832542,0.642711506543279,0.638272930887198,0.802908730955232,1.17195420333702,1.05950928324802,0.73235060312225,2.42604117060157,-0.480481936423277,0.688238707220029,0.231349207650933,-0.692552018105286,-0.217323155115691,-0.0132025387514989,-1.14390867228183,-0.434618664285838,0.533787839825897,0.936335464113563,0.362886179940615,-0.725874933313387,0.581814168489858,2.8350279864446,2.13540088016377
"Inflation, consumer prices (annual %)",FP.CPI.TOTL.ZG,United Kingdom,GBR,1.18295624210409,1.53234960272418,1.52040245947455,1.37650038542013,1.39039756680422,2.0891364902507,2.45566166439291,2.38656150773327,3.52140856342538,1.9617317356011,2.49265472467066,3.85611244682819,2.57323479654526,2.29166666666667,1.45112016293279,0.36804684232537,1.00841736811403,2.55775577557753,2.29283990345937,1.73810460086515,0.989486703772449,2.5183710961421,7.92204883147907,6.79396706793964
"Inflation, consumer prices (annual %)",FP.CPI.TOTL.ZG,United States,USA,3.37685727149929,2.82617111885407,1.58603162650601,2.27009497336115,2.67723669309172,3.3927468454955,3.22594410070404,2.85267248150138,3.839100296651,-0.355546266299747,1.6400434423899,3.156841568622,2.06933726526067,1.46483265562717,1.62222297740817,0.118627135552451,1.26158320570536,2.13011000365961,2.44258329692817,1.81221007526021,1.23358439630629,4.69785886363742,8.00279982052121,4.11633838374488
"Inflation, consumer prices (annual %)",FP.CPI.TOTL.ZG,Sweden,SWE,0.899143734041626,2.40595834145438,2.15848213589264,1.92565534892391,0.373659828721814,0.453170852576178,1.3602146862768,2.21216883436734,3.43704910602875,-0.494460544377998,1.15798802715628,2.96115073822142,0.888377506923639,-0.0442929701485751,-0.179638494114693,-0.046784744983309,0.984269244578052,1.79449904665588,1.95353530127028,1.78415097403837,0.497367318853587,2.16319736447151,8.36929098869185,8.54862489748906
"Inflation, consumer prices (annual %)",FP.CPI.TOTL.ZG,Poland,POL,9.90017538843064,5.40833545566148,1.90528215048056,0.682701375787675,3.38264681884692,2.18379872390258,1.28469394366408,2.45874312385402,4.16497193524764,3.79539242483405,2.58069370250543,4.23940149625938,3.56037151702789,0.991982606332409,0.0538213132399892,-0.874125874125848,-0.664767331433944,2.07593553673849,1.81295156542687,2.22747880938301,3.37446972618589,5.05502704719269,14.4294507575758,11.5289127961105
"Inflation, consumer prices (annual %)",FP.CPI.TOTL.ZG,Norway,NOR,3.08550609131276,3.00419703998237,1.28672528415183,2.48782553461784,0.454498502220837,1.53213367609255,2.32934980757543,0.712589073634204,3.75393081761005,2.19738586853574,2.41890639481001,1.28495158809154,0.696864111498301,2.12048620353118,2.0417028670721,2.17113665389527,3.55,1.87510059552554,2.76483134528787,2.16773003305404,1.28658490707998,3.48388055266683,5.76412317852275,5.51784987104656
"Inflation, consumer prices (annual %)",FP.CPI.TOTL.ZG,Russian Federation,RUS,20.7987606558704,21.4770072117158,15.7887307914463,13.6632930228666,10.8886157326216,12.6853039507349,9.66865454789263,9.0072986886108,14.1107677840442,11.6473295764118,6.84939230255025,8.44046485932569,5.07474300799148,6.75371026220948,7.82341183865507,15.5344050528404,7.04244762954794,3.68332944412233,2.87829723647885,4.47036660760176,3.38165937237896,6.69445891957613,..,..
"Inflation, consumer prices (annual %)",FP.CPI.TOTL.ZG,Japan,JPN,-0.67657868359508,-0.740055504162812,-0.923494026942286,-0.25654181631606,-0.00857338820306043,-0.282946068764429,0.249355116079105,0.0600394544986545,1.38007886164926,-1.35283672951723,-0.728243207517766,-0.272455616101245,-0.0440645104432608,0.335037912184772,2.75922671353253,0.795279630579784,-0.127258844489712,0.484199796126422,0.989094598021811,0.468776159383928,-0.024995834027682,-0.23335277939831,2.49770278172251,3.26813365933164
"Inflation, consumer prices (annual %)",FP.CPI.TOTL.ZG,"Korea, Rep.",KOR,2.25916580080157,4.06657587897793,2.76226210296598,3.51487451459939,3.59066298882578,2.75379162735039,2.24234028518922,2.53457382137932,4.67389655533408,2.75649654493929,2.93928652655687,4.02596500436091,2.18707104433316,1.30134754547413,1.27477446401322,0.706331772455743,0.971685739912173,1.94433230786365,1.47583935002644,0.383000303608088,0.537288023411766,2.4983333333334,5.0895136506284,3.59745625029012
"Inflation, consumer prices (annual %)",FP.CPI.TOTL.ZG,Israel,ISR,1.0326364099949,1.1230283911672,5.8023458946843,0.707630616818064,-0.421595034547413,1.34070328119492,2.05407914587443,0.46622697293607,4.52744765138651,3.3676231727125,2.70270270270273,3.48837209302326,1.67553715750051,1.58976347421478,0.467557251908428,-0.617342577642716,-0.53516819571867,0.249807840122998,0.805060379528465,0.817645940292847,-0.575254620897805,1.47965474722565,4.41162725488366,4.22522603168918
"Inflation, consumer prices (annual %)",FP.CPI.TOTL.ZG,Italy,ITA,2.53768532095001,2.78516542713554,2.46532319171166,2.67255552772849,2.20673661423658,1.9852929852798,2.09084391012754,1.82974112202403,3.34783258401022,0.774768131387376,1.52551602118248,2.78063272879327,3.04136333226773,1.21999342274302,0.241047429826794,0.0387903996579146,-0.094016656915686,1.22653316645805,1.13748763600396,0.611246943765281,-0.137707573916501,1.87378325762482,8.20128991161714,5.62219442195906
"Inflation, consumer prices (annual %)",FP.CPI.TOTL.ZG,Finland,FIN,3.04210080667795,2.57844080098896,1.5712201278938,0.877440386254785,0.187120559084422,0.623874450025191,1.56666380704386,2.51066565240339,4.0659535535838,-9.17360392333758E-07,1.18413523154647,3.4168075425521,2.80833622561575,1.47828615688808,1.04119621178439,-0.207928839905252,0.356684500891724,0.754015047084353,1.08382098409304,1.02409392963425,0.290554555653304,2.19457432340004,7.12350773301401,6.25064322154762
"Inflation, consumer prices (annual %)",FP.CPI.TOTL.ZG,Chile,CHL,3.84327295706565,3.56910053001466,2.48939816650705,2.81017875743611,1.05473871403517,3.0525762138785,3.39201733699405,4.40779938398043,8.71626873039608,0.353045178360933,1.41071107954321,3.34121694259301,3.00744840213053,1.78955553984582,4.71867527854673,4.34877353217046,3.78619355893118,2.18271846868521,2.43488981353054,2.55754475703329,3.0454908480433,4.52456838259137,11.643866711056,7.58168251407967
"Inflation, consumer prices (annual %)",FP.CPI.TOTL.ZG,Brazil,BRA,7.04414105947266,6.84035902487524,8.45016437708332,14.7149197228147,6.59718509985963,6.86953720898965,4.18356812896909,3.64127299102653,5.67859390284167,4.88803479876799,5.03872690108075,6.63644962213086,5.40349914037005,6.20431066640096,6.32904015516141,9.02990102416137,8.73914352329392,3.44637335032668,3.66485028376727,3.73297621216898,3.21176803803373,8.30165975585677,9.28010608956872,4.59356282283203
"Inflation, consumer prices (annual %)",FP.CPI.TOTL.ZG,China,CHN,0.347811226864583,0.719125609120118,-0.731970902350249,1.12760348729637,3.8246374310816,1.7764140766757,1.6494309945586,4.81676767378834,5.92525137041092,-0.728165250932903,3.17532475269199,5.55389892257491,2.61952432645539,2.62105001748119,1.92164162788522,1.43702380935656,2.00000182191942,1.59313600071433,2.07479039965575,2.89923416358229,2.41942189457778,0.981015135544894,1.97357555739052,0.23483682889306
"Inflation, consumer prices (annual %)",FP.CPI.TOTL.ZG,Spain,ESP,3.43351563418767,3.58983413338112,3.06565685902219,3.03888839396655,3.03924881090924,3.36881409750383,3.51557576832128,2.78679745804946,4.07534335957339,-0.287813083535244,1.79986457728772,3.19610188833784,2.44612782366812,1.40858109183014,-0.151114837527205,-0.50036570990325,-0.20259800042646,1.95607633363965,1.67498136863794,0.699518994458692,-0.322753017299685,3.09313511976412,8.39057634118634,3.53236133492429
"Inflation, consumer prices (annual %)",FP.CPI.TOTL.ZG,Portugal,PRT,2.85303039287157,4.36990330551794,3.60034658290913,3.21899090682895,2.36536204097302,2.27716394887834,3.1076654587105,2.45396528138742,2.5885065765796,-0.835530021504154,1.40257289895369,3.65301100430728,2.77333854051582,0.2744166666667,-0.278153367467495,0.487938623904796,0.607397074641636,1.36861411643479,0.99371568346828,0.338178410046057,-0.0124383299575331,1.26565719069041,7.83269124233322,4.3112819189868
"Inflation, consumer prices (annual %)",FP.CPI.TOTL.ZG,Luxembourg,LUX,3.15076707022592,2.66382110579102,2.07408613571644,2.04984030563517,2.22567916428889,2.48769665164088,2.66631494577069,2.31245861786127,3.40187963025571,0.368041997888892,2.2736791162154,3.41068341068342,2.6628416550802,1.73403963519163,0.628543985440711,0.474743161437794,0.2908333333333,1.73079959118893,1.52819524307374,1.74332075653852,0.819957302127018,2.52692009066169,6.33600807777913,3.74140361983141
"Inflation, consumer prices (annual %)",FP.CPI.TOTL.ZG,New Zealand,NZL,2.6152344624632,2.62581630392902,2.67709257711606,1.75357444759557,2.2902490284757,3.03702332617012,3.36540196171992,2.37614310290658,3.95894937312061,2.1156511055456,2.30202385958574,4.02790667392041,1.05991318445632,1.13442266445812,1.22750750597406,0.292704628136088,0.646240284454499,1.85078767452534,1.59829703801696,1.61963190184049,1.71456170007245,3.94112060778727,7.17222476016446,5.73316283034953
"Inflation, consumer prices (annual %)",FP.CPI.TOTL.ZG,Turkiye,TUR,54.9153705812683,54.4001887619076,44.9641209479849,21.6024384490573,8.59826168115273,8.17916036802001,9.59724212288433,8.75618090972639,10.4441283764885,6.25097663090626,8.56644420552977,6.47187967115095,8.89156996512165,7.49309030547697,8.8545727136432,7.67085364845881,7.77513415328327,11.1443110840765,16.3324638988928,15.1768215720023,12.2789574462574,19.5964926913324,72.3088359891207,53.8594087593315
"Inflation, consumer prices (annual %)",FP.CPI.TOTL.ZG,Slovak Republic,SVK,12.0357805974299,7.3296201911553,3.12714222984609,8.55414305406644,7.54850088183424,2.70908494588384,4.48333120449611,2.75672371638139,4.59817976325028,1.61510464058237,0.957018132975151,3.9192859914629,3.60610263522889,1.40047368963027,-0.0761653295419925,-0.325219777427695,-0.520010196278297,1.31194588223234,2.5140371288381,2.66456133425436,1.93694126694221,3.14960629921267,12.774146363761,10.5319476645211
"Inflation, consumer prices (annual %)",FP.CPI.TOTL.ZG,Czechia,CZE,3.77538829151735,4.66267556988253,1.90298097019032,0.118739205526788,2.76010781671157,1.8570978910922,2.53399258343634,2.85312437211175,6.35866380152373,1.01937735329231,1.47272727272724,1.91721913635551,3.28762306610406,1.43829787234044,0.343988589646766,0.309364548495,0.683504209385646,2.45053398460141,2.14949494949498,2.84787595918044,3.16129528497808,3.83984491500143,15.1001651468372,10.6612601372426
"Inflation, consumer prices (annual %)",FP.CPI.TOTL.ZG,Estonia,EST,4.01848952508763,5.74827981651373,3.57191270164026,1.33499116549956,3.04811107523415,4.0797142319985,4.43762042389212,6.60132603055638,10.3623580313683,-0.0784083112809762,2.97204512015694,4.98190131453606,3.93339987296984,2.78056658954994,-0.106175146521685,-0.492326006547392,0.148684907627365,3.41723549488055,3.43632688420446,2.27725931243518,-0.444531097679813,4.65316673847475,19.3982634080616,9.15922507983982
"Inflation, consumer prices (annual %)",FP.CPI.TOTL.ZG,Latvia,LVA,2.65425477796047,2.48704003555457,1.93887573855896,2.94264752948472,6.19238547197441,6.74845027893111,6.53619908765878,10.0929775849168,15.4023191064986,3.53410672858941,-1.08463595015159,4.37073559939224,2.2577892437459,-0.0294547782578812,0.620490636732384,0.174242243625212,0.140633334505294,2.9303631237467,2.53445424186594,2.81140920075619,0.219064904842114,3.27582937431156,17.3102830198815,8.93804623316639
"Inflation, consumer prices (annual %)",FP.CPI.TOTL.ZG,Lithuania,LTU,0.981615478857585,1.3671203081782,0.281506610345568,-1.13430854990247,1.1641025210467,2.65848484065263,3.73912004060663,5.73717382799843,10.9258856241655,4.45304456518534,1.31921362055464,4.13027562645086,3.08998277055415,1.04747937065349,0.103758009433719,-0.884097405500606,0.905525075460343,3.72288862303706,2.69792779208392,2.33450937988028,1.19989444983568,4.68354420903455,19.7050461518394,9.11731962390473
"Inflation, consumer prices (annual %)",FP.CPI.TOTL.ZG,Hungary,HUN,9.80361016908124,9.11680911680912,5.26544821583984,4.66101694915254,6.74434679569468,3.56151711378353,3.93032603841001,7.95874516544909,6.0425125388106,4.21171171171171,4.85555795691956,3.92992098935068,5.6521451708865,1.73319984983104,-0.227566270988277,-0.0616446800641597,0.39476930668638,2.3482428115016,2.8502479259464,3.33858635382014,3.3267438576673,5.1109653438286,14.6081439492433,17.1249659678737
"Inflation, consumer prices (annual %)",FP.CPI.TOTL.ZG,Greece,GRC,3.1511816249383,3.37396832213867,3.62935871878873,3.53065027765552,2.89884810758171,3.54507273335077,3.19594684144545,2.89500321516578,4.15279708110293,1.21007269197809,4.71298907760393,3.32985323350645,1.50152696177755,-0.921269454256931,-1.3122609640551,-1.73588804765284,-0.825653978390973,1.1212545203142,0.625621413453609,0.253007522038191,-1.24798355581408,1.22382501019854,9.64525981280638,3.46480128513402
GDP growth (annual %),NY.GDP.MKTP.KD.ZG,Australia,AUS,3.9215029305806,2.02510553454593,3.97958568067362,3.09076190489348,4.22428481359962,3.15416753184221,2.75534610557227,3.77332171303566,3.58626695226046,1.89255581922549,2.21998026536549,2.40708018291988,3.91670942454073,2.60219339436559,2.59528411594042,2.19016928695221,2.7593859723839,2.27959179820343,2.87846971467883,2.17154505737176,-0.119590735829973,2.11116814768786,4.24238555336139,3.44199220009025
GDP growth (annual %),NY.GDP.MKTP.KD.ZG,Austria,AUT,3.18952292988787,1.31698749571339,1.48436877605324,1.14156504542775,2.56525534067859,2.32036514266782,3.26933601506059,3.77522468729185,1.45330562142114,-3.58626472551299,1.80898243043663,2.92746800169145,0.628246239479637,-0.250726423318454,0.755798850316665,1.30352331826198,2.11721964494312,2.27224992038207,2.48422114080024,1.75497619649288,-6.31825509209936,4.79532885699543,5.27789448538658,-0.954962529389121
GDP growth (annual %),NY.GDP.MKTP.KD.ZG,Belgium,BEL,3.71670510672588,1.09960362419645,1.70689430349601,1.03795518162204,3.57120671942319,2.32173792911834,2.55234087322462,3.67692462515802,0.446905130727231,-1.90644105515335,2.71031150254662,1.93115502411325,0.215803612089744,0.305494549070232,1.76554038149924,1.47416433731927,1.19350273007754,1.47446761556785,1.87796847383565,2.4428900448156,-4.7929839083518,6.20759981274431,4.2593607365269,1.201691781997
GDP growth (annual %),NY.GDP.MKTP.KD.ZG,Canada,CAN,5.1385391803606,1.87509810696022,2.99925535017809,1.80638512302554,3.09236384292251,3.21045439063563,2.63794375007348,2.04990463726786,0.995406301140747,-2.91508621550267,3.09080634469335,3.13719442170364,1.75566129145483,2.32581354806429,2.87346677785811,0.649971001734855,1.03855092490855,3.03383491200222,2.74296344906655,1.90843194590616,-5.03823343468899,5.95052802804381,4.18903628100851,1.52874550838358
GDP growth (annual %),NY.GDP.MKTP.KD.ZG,Colombia,COL,2.92486148176778,1.67789830787579,2.50398046659659,3.91827190322513,5.33302206759905,4.82876110773741,6.71686869844402,6.73819469090975,3.28344618616541,1.13964864548062,4.49465897070922,6.94789198173555,3.91263576716115,5.13399351995672,4.49903000110972,2.95590137527523,2.08738250162794,1.35936086788746,2.56432428277704,3.18685539245533,-7.18591413760859,10.8011981904878,7.32827729427979,0.712380031974334
GDP growth (annual %),NY.GDP.MKTP.KD.ZG,Denmark,DNK,3.72400899471576,0.95003224600012,0.456530018779986,0.441091006625101,2.77635180744053,2.35960882992528,3.81648769908172,0.987173815945127,-0.417178439991005,-4.97447905669058,1.58289703108802,1.3108037609606,-0.00543230161670749,1.39267343161971,1.27799983192831,2.10441456445301,3.07304549209093,3.05647723922718,1.8600074900921,1.71140093932736,-1.78010601831291,7.38206633449863,1.54017307357893,2.49518434516773
GDP growth (annual %),NY.GDP.MKTP.KD.ZG,France,FRA,4.14099996402915,1.89946701186636,1.06775027069419,0.967827182558352,2.86825052501032,1.88856584109286,2.71406448755236,2.53048188351066,0.380171435849121,-2.82455153714783,2.00032476039051,2.43757653729007,0.183835264973013,0.781756446231,0.997832947295251,1.06675474783462,0.860031075424033,2.08361485997399,1.64590872395887,2.02744646419237,-7.44064589948231,6.88233783360239,2.57084047567793,0.936487518850853
GDP growth (annual %),NY.GDP.MKTP.KD.ZG,Germany,DEU,2.87724595591061,1.63654099437316,-0.228310223930706,-0.529929010433477,1.16236825444811,0.885697256705441,3.85573614635729,2.89010717888073,0.910403214153277,-5.54516454479311,4.14676755040489,3.75796884487347,0.47429132103845,0.386224592046474,2.16949889758517,1.65271978656361,2.29471066413561,2.71602454639843,1.11644310902427,0.987893350164853,-4.09513751682526,3.6699998840452,1.36973104612758,-0.266438401180253
GDP growth (annual %),NY.GDP.MKTP.KD.ZG,India,IND,3.84099115659129,4.82396626555771,3.80397532112175,7.8603814759073,7.92293661199932,7.92343062148318,8.06073257166651,7.6608150670107,3.08669805921981,7.86188883286074,8.49758470221235,5.24131619937695,5.45638755166587,6.38610640094825,7.41022760508854,7.99625378571471,8.25630550179086,6.79538341897911,6.45385134497769,3.87143694070356,-5.77772470686801,9.68959249192875,7.60936497768895,9.19075493028345
GDP growth (annual %),NY.GDP.MKTP.KD.ZG,Indonesia,IDN,4.9200677470169,3.64346644721492,4.49947539085764,4.78036912167654,5.03087394501685,5.69257130383384,5.50095178520348,6.34502222667214,6.01370360009123,4.62887118256153,6.22385418062366,6.16978420771008,6.03005065305615,5.5572636889101,5.006668425755,4.87632230022123,5.03306918280177,5.06978590134916,5.17429153955024,5.01928768046282,-2.06551182934165,3.70288562827751,5.30719722664799,5.04902331835997
GDP growth (annual %),NY.GDP.MKTP.KD.ZG,Ireland,IRL,9.40352464290197,5.30582177251378,5.89936644855928,3.01383792883469,6.78813894175178,5.73978266558288,4.98785480513406,5.31011673012934,-4.48406956719268,-5.09578178826901,1.68297227062031,1.64877400406158,-0.398960481731095,2.19217619489058,9.33603375045837,24.6155698980205,1.2226384923421,10.0496284821662,7.5443421414267,5.04054996161159,7.1578988000836,16.2556135233358,8.61950345618772,-5.5300073886596
GDP growth (annual %),NY.GDP.MKTP.KD.ZG,Mexico,MEX,5.02928399378261,-0.450845253215945,-0.236588001922641,1.18554486709559,3.56544102622887,2.11324711473297,4.80501351664901,2.0778639395329,0.943331872912935,-6.29525056697287,4.97133457799899,3.44404506308874,3.55321075512755,0.852101550164704,2.50376349862891,2.70232344844723,1.77249323400358,1.87172854186539,1.97208207701884,-0.392690505099296,-8.35403456576364,6.04848345704632,3.71098893117183,3.2953909570288
GDP growth (annual %),NY.GDP.MKTP.KD.ZG,Netherlands,NLD,4.2197537762102,2.32357570819386,0.245785659129112,0.097832364227159,2.01630996216733,2.03396336199143,3.53737509680782,3.88530644801823,2.11681593642137,-3.66529049145096,1.31932032302214,1.77334516269423,-0.977876877747732,-0.0302325600539604,1.61261001294011,2.12060523860846,2.42428572955482,2.78154619309936,2.2587403735731,2.30009157916757,-3.86795333823223,6.2768306708326,5.00723455159611,0.0745608349011775
GDP growth (annual %),NY.GDP.MKTP.KD.ZG,Switzerland,CHE,3.95871990780931,1.57566198688916,-0.0732172569941127,-0.0323984255438887,2.70170912949028,2.74969910618739,4.0736284178369,3.91637577227581,2.8079835919566,-2.29737452570922,3.24339715656356,1.81310830459596,1.17925385250513,1.79214400716117,2.34988141500179,1.64462750849488,2.06868969039562,1.36279965488859,2.86044579439036,1.14198218965691,-2.14173712008038,5.55962020605844,3.04406102969423,0.683328174376044
GDP growth (annual %),NY.GDP.MKTP.KD.ZG,United Kingdom,GBR,4.34163419265596,2.57278043964686,1.79566074059649,3.15234651882265,2.45790443810543,2.73266076681189,2.38069403532468,2.62487995340285,-0.248797260756646,-4.62055370768425,2.23331508815346,1.13836239840663,1.50899834668228,1.79992149702836,3.19463731938923,2.22288842280334,1.92171009934007,2.65650487566202,1.40519025981538,1.62447518038404,-10.296918859171,8.57595087393024,4.83908517877134,0.39708234553963
GDP growth (annual %),NY.GDP.MKTP.KD.ZG,United States,USA,4.07758576006954,0.95553834188668,1.7004473278454,2.79560596521233,3.84777169424153,3.48354993544559,2.78453963817891,2.00385829909158,0.113587248160997,-2.57650023225001,2.69519258234851,1.56440685537306,2.289113386319,2.11783009786468,2.52381981372621,2.94555045599772,1.81945147620522,2.45762230175086,2.96650506916596,2.58382533018889,-2.16302913866512,6.05505293304556,2.5123753198332,2.88755600905984
GDP growth (annual %),NY.GDP.MKTP.KD.ZG,Sweden,SWE,4.63111600378974,1.36076692513873,2.27767113062968,1.88094411817545,4.17953040762463,2.79317686019922,4.67599870313569,3.22491132428186,-0.923123085602214,-4.25557374472815,5.75073583944071,3.16391049665788,-0.414465736835979,1.13771650768102,2.29576379216599,4.41014068702994,2.34974080709026,1.8251560179849,1.90296457254834,2.54964787203104,-2.0053375219518,5.93750858896414,1.45928849980044,-0.114161935397789
GDP growth (annual %),NY.GDP.MKTP.KD.ZG,Poland,POL,4.65633252988236,1.23374464400356,1.90119437968586,3.52337117234833,5.09079546409544,3.26082274679216,6.20210710934373,6.7604478527626,4.38377069274605,2.61512859291683,3.16892748258036,5.25546256612796,1.51178167644575,0.684240607051805,3.92050862390032,4.43176700264478,3.03117767594847,5.15245773325907,6.2458584723942,4.58045817256199,-2.03556882399977,6.92718266052501,5.25545697386036,0.249610834017872
GDP growth (annual %),NY.GDP.MKTP.KD.ZG,Norway,NOR,3.31894570142394,2.06713043546189,1.37755702173065,0.944909363247831,4.01458802387079,2.68512290339085,2.46147311635166,2.91404000653228,0.481919549757933,-1.94036472596633,0.787051861494078,1.10565603382983,2.71795924894734,1.01619084044641,2.04813200438943,1.85733971623901,1.16472423928819,2.46374626574153,0.828931500516902,1.12374694968757,-1.27817177234034,3.90868676830634,3.24622860260932,0.0721204806030329
GDP growth (annual %),NY.GDP.MKTP.KD.ZG,Russian Federation,RUS,10.0000668136515,5.10005122572568,4.69999190914258,7.29995234528189,7.19994786954857,6.39996544799469,8.20006825456321,8.49997776916511,5.19996926404957,-7.79999391271275,4.49999999920672,4.30002918567749,4.02408615746921,1.75542214874298,0.736267221765672,-1.97271922580408,0.193690071260534,1.82579006401834,2.80724541059601,2.19807571335009,-2.65365450102773,5.86649177292595,-1.43588213859842,4.08252481259281
GDP growth (annual %),NY.GDP.MKTP.KD.ZG,Japan,JPN,2.76464755136783,0.386103426142029,0.0419624992862282,1.53512549946694,2.18611569439318,1.80390087215821,1.3723501275831,1.48396941157472,-1.22428900061713,-5.69323635892741,4.09791791943181,0.0238095237995424,1.37475099905274,2.00510017681211,0.296205514141889,1.56062669680782,0.753826745789127,1.67533175173359,0.643391023533141,-0.402169200894946,-4.16876457146743,2.69657404187188,0.941998775483285,1.47503481053384
GDP growth (annual %),NY.GDP.MKTP.KD.ZG,"Korea, Rep.",KOR,9.06083332508534,4.85239957151281,7.72514267547173,3.14729119373409,5.19739136324382,4.30854271411236,5.26432659466724,5.79954841503216,3.01298487281167,0.792698989518186,6.80482491783671,3.68566778212526,2.40253099246186,3.16470863647184,3.2024537945736,2.80910326824133,2.94688171508626,3.15963574012777,2.90740377377135,2.24397786011012,-0.709415359397681,4.30473481906969,2.61267219187226,1.35673324311098
GDP growth (annual %),NY.GDP.MKTP.KD.ZG,Israel,ISR,8.58208942390802,0.277927326527333,-0.134072634658438,1.4490576944626,4.64789744397389,4.38778887041551,5.60162698158004,6.32334950499747,3.22209599987266,1.23773159721814,5.53434033902194,5.51879621371651,2.44716836741318,4.08570918638205,3.77582843213109,2.23760317482488,4.45978271860821,4.3469311670646,4.00389862187025,3.71049632750405,-2.02161548237589,9.38837403354628,6.26326343841286,1.82652049482384
GDP growth (annual %),NY.GDP.MKTP.KD.ZG,Italy,ITA,3.88209885062652,2.00643329837733,0.26992966378873,0.0665538088732092,1.4740217064723,0.762410677306491,1.79947992234244,1.46229205289291,-1.02313851177097,-5.30515401233991,1.52910573247101,0.695463154440176,-3.12523877282996,-1.81802510749792,-0.00138761730454462,0.885667635240807,1.23622108511661,1.60369995294101,0.826646712344115,0.429162533780342,-8.86822122185345,8.93106210800055,4.82117669913565,0.715372500867531
GDP growth (annual %),NY.GDP.MKTP.KD.ZG,Finland,FIN,5.75373770498848,2.64026205699308,1.68732644358099,2.01179992738312,4.00537952277651,2.77730918518017,4.01957326515895,5.31280176694145,0.784431235717051,-8.07603116552393,3.1682879121621,2.39039455396828,-1.52284013040689,-0.979741024949618,-0.4780684247837,0.466503766322674,2.57193414898754,3.30337003591039,1.19297759742292,1.34973845741737,-2.49103605535707,2.67634641498897,0.763041912763526,-0.946904862611035
GDP growth (annual %),NY.GDP.MKTP.KD.ZG,Chile,CHL,4.9716214882971,3.15403492459967,3.20279913520113,4.72324526861041,6.67425416822923,5.83704571917758,6.04999082563968,5.16823098528431,3.78939280635238,-1.11803723642878,5.85165102224047,6.22389678509138,6.15534001855494,3.30850824710085,1.79264947139259,2.15194249981184,1.753038749071,1.35769537343957,3.99002947789977,0.634367533828438,-6.14347479224092,11.3149204879049,2.15399356192458,0.521367977246825
GDP growth (annual %),NY.GDP.MKTP.KD.ZG,Brazil,BRA,4.38794944745618,1.38989640095637,3.05346185909312,1.14082899824888,5.75996463670954,3.20213206130431,3.96198871122617,6.06987060678338,5.09419544658736,-0.125812002161169,7.52822581815364,3.97442307944702,1.92117598576537,3.00482266944432,0.503955740242247,-3.54576339269425,-3.27591690782192,1.32286905404399,1.783666761634,1.22077782360842,-3.2767587964736,4.76260437908608,3.01669435393015,3.24165532906981
GDP growth (annual %),NY.GDP.MKTP.KD.ZG,China,CHN,8.58643201808462,8.31263887091522,9.24339326638321,10.1181928640117,10.1314073631003,11.458238455067,12.6746751655235,14.1499854947127,9.67024588602851,9.40269972778044,10.5962719761682,9.4613358870736,7.85617427055587,7.77872409446717,7.46190028229434,6.97878002657477,6.77555562837017,6.8912663621211,6.75671800166833,6.06850235053705,2.34018843078414,8.57008513166322,3.1341888719577,5.41484330099675
GDP growth (annual %),NY.GDP.MKTP.KD.ZG,Spain,ESP,5.20064125553942,3.91908880808811,2.75545611564098,2.9392895953076,3.1145314799161,3.5512255846125,4.04343515605099,3.53350013165972,0.767165748290694,-3.76813306940053,0.0941223116369514,-0.639920636520344,-2.86511368637748,-1.42732224757626,1.52048593647231,4.06086672473866,2.91515598595787,2.89604207865007,2.39541124478878,1.96117850841711,-10.9400706350371,6.68314420473001,6.17931219966114,2.6756634629066
GDP growth (annual %),NY.GDP.MKTP.KD.ZG,Portugal,PRT,3.81617712035907,1.94367212411221,0.770924777292066,-0.930521040324891,1.7887355199795,0.781847565175809,1.62503532141992,2.50657936515483,0.31924734289916,-3.12207826048319,1.73762452780146,-1.71352745071583,-4.05090265617167,-0.984106569072424,0.741391416844507,1.58979802880627,2.00414128646489,3.31472056420827,2.946282440074,2.74568479564236,-8.20463201239903,5.55875771556673,6.9858417811997,2.61312854351023
GDP growth (annual %),NY.GDP.MKTP.KD.ZG,Luxembourg,LUX,6.93812976136098,3.07435550952719,3.22541782301025,2.61937861354482,4.23188928835465,2.48287498468387,6.0167154014547,8.09866723048083,-0.300175624936841,-3.23895409147492,3.76041454320028,1.04429855323325,1.64990212764553,3.17178989968683,2.62308679154881,2.26978423302835,4.97819011520116,1.31718713754285,1.61129561338169,2.74931929072659,-0.510051634039826,6.9297342584233,-1.09505351160836,-0.693632727692318
GDP growth (annual %),NY.GDP.MKTP.KD.ZG,New Zealand,NZL,2.87005108790095,3.41099312247906,4.71347767117496,4.72804204913962,4.08796484025709,3.35292760405062,2.77978059105617,3.05641638984955,-1.01703846933975,-0.0374661120713,1.45863634911349,2.09349621669912,2.36630664656174,2.58954199031598,3.82638491760299,3.69036908387233,3.77911068354334,3.37873219470765,3.47058203866328,2.31747144034802,-0.307246896026541,4.53540565716095,3.49638686458842,1.39425181563566
GDP growth (annual %),NY.GDP.MKTP.KD.ZG,Turkiye,TUR,6.93323970455904,-5.75000655464257,6.44772204681594,5.76320606654714,9.79593638920282,8.99230493626517,6.94798808571993,5.04350793157104,0.815024573007705,-4.82315395301769,8.42710432276191,11.2001105833504,4.78849271108008,8.48581699653026,4.9397151613658,6.08448690443663,3.32308420845746,7.50199748917491,3.0131703931215,0.818514526726673,1.85987303976462,11.4393956926566,5.53342787492781,5.11116818488702
GDP growth (annual %),NY.GDP.MKTP.KD.ZG,Slovak Republic,SVK,0.78922447792516,2.92516077248489,4.41725348271514,4.85669851591319,5.38949856996771,6.48493222274386,8.92568704770216,10.8186295074904,5.36337721231949,-5.50533790972226,6.79058159142423,2.56242473215553,1.56917104702706,0.703323545247201,2.70795151449488,5.17687909722133,1.94781841524558,2.87473327453695,4.06211981896483,2.27589910019393,-2.58551241733207,5.6995926329251,0.437359508569173,2.16814911569574
GDP growth (annual %),NY.GDP.MKTP.KD.ZG,Czechia,CZE,4.010669619984,2.9172195289956,1.51345949139996,3.300836832613,4.73633969683438,6.37502886086791,6.62317299177447,5.48882595164517,2.61226807205139,-4.79832416684926,2.71466509907701,1.77238085338473,-0.770668190622743,-0.0418124160447491,2.24521219862635,4.95875848915604,2.58087013921376,5.17356529967881,2.83030588267866,3.56577658128261,-5.30487955463876,4.02901832055149,2.8471706583814,-0.0552618201120225
GDP growth (annual %),NY.GDP.MKTP.KD.ZG,Estonia,EST,10.0876385800462,5.88074589534277,6.93300082616575,7.59630181032645,6.80070110758655,9.52305386462066,9.76257131206653,7.57091879311882,-5.12531154308803,-14.6302225427906,2.4497502063999,7.60697458913162,3.67201872506541,1.75649379621869,3.32278988182702,1.83815262882932,3.09301920751959,5.63467248963991,3.69969756161726,3.72664943466884,-2.88380751483778,7.15444676280146,0.0604305165130938,-3.02303874520777
GDP growth (annual %),NY.GDP.MKTP.KD.ZG,Latvia,LVA,5.84102642353959,6.46057826727287,7.66548778586991,8.42913257059108,8.72514341727928,11.6153178557457,12.825017846905,10.4145372792714,-3.38871665849958,-16.0400195313042,-3.66125859554762,3.03634482668815,7.30524057200897,2.09609028156248,2.0949597710559,3.78336712084972,2.55168601974034,3.39894872623931,4.30971286294503,0.675372771884227,-3.46922750780554,6.94254173062592,1.80677198008065,2.85421800106587
GDP growth (annual %),NY.GDP.MKTP.KD.ZG,Lithuania,LTU,3.41862206571636,6.48412665187908,6.71983945103626,10.5518959629574,6.50203536075556,7.7314467577492,7.39548122468629,11.0779282578673,2.59946154605602,-14.8386117894848,0.427199566550769,6.32363664821298,4.38290584355157,4.04691318575325,3.7725437958099,2.83280643343234,2.67192215053329,4.61224310312809,4.91836780106811,4.67735183530451,0.0428158336981426,6.38001606179873,2.53752574011534,0.342262716277261
GDP growth (annual %),NY.GDP.MKTP.KD.ZG,Hungary,HUN,4.40937501806403,4.06202617226026,4.73006530805553,3.93877761242727,4.96312536156307,4.30028318461673,3.93393162712054,0.332354337878925,0.993437085479655,-6.7401660845502,1.06795068152046,1.91670916599742,-1.33948446518181,2.03216990678146,4.33435364113967,3.65981615406955,2.43864141309342,4.12418389451805,5.60613813768876,5.07718495088933,-4.33872540024058,7.22291580811137,4.27034755162904,-0.842528840639091
GDP growth (annual %),NY.GDP.MKTP.KD.ZG,Greece,GRC,4.13782699405849,4.65041459442163,4.68313727063017,5.79682274294369,5.37786634595851,1.18350635493289,6.44339762487436,3.50686976639459,0.0574740238200775,-4.11927606715011,-5.6937412158003,-9.87677875300243,-8.33113421099992,-2.27211699888024,0.792225060962835,-0.228301892172851,-0.0317947678412054,1.47312472702352,2.06467207892409,2.27718065334808,-9.19623149726978,8.65449786002131,5.74364902526337,2.33212444945818
"Unemployment, total (% of total labor force) (modeled ILO estimate)",SL.UEM.TOTL.ZS,Australia,AUS,6.288,6.747,6.375,5.933,5.399,5.036,4.785,4.381,4.242,5.565,5.214,5.083,5.225,5.663,6.078,6.055,5.711,5.592,5.3,5.159,6.456,5.116,3.728,3.668
"Unemployment, total (% of total labor force) (modeled ILO estimate)",SL.UEM.TOTL.ZS,Austria,AUT,4.687,4.007,4.852,4.779,5.969,5.682,5.32,4.909,4.198,5.371,4.883,4.637,4.909,5.367,5.674,5.802,6.064,5.561,4.933,4.56,5.201,6.459,4.992,5.264
"Unemployment, total (% of total labor force) (modeled ILO estimate)",SL.UEM.TOTL.ZS,Belgium,BEL,6.586,6.178,6.91,7.68,7.363,8.44,8.246,7.459,6.976,7.908,8.293,7.14,7.542,8.425,8.523,8.482,7.83,7.09,5.941,5.364,5.545,6.248,5.57,5.528
"Unemployment, total (% of total labor force) (modeled ILO estimate)",SL.UEM.TOTL.ZS,Canada,CAN,6.829,7.219,7.665,7.574,7.185,6.758,6.484,6.156,6.284,8.46,8.178,7.637,7.392,7.143,7.023,6.945,7.038,6.426,5.837,5.69,9.657,7.527,5.279,5.415
"Unemployment, total (% of total labor force) (modeled ILO estimate)",SL.UEM.TOTL.ZS,Colombia,COL,20.52,15.04,14.481,13.221,13.717,11.062,11.091,11.204,11.273,12.066,11.153,10.288,9.959,9.246,8.799,8.572,8.922,9.086,9.36,10.28,15.983,13.898,10.547,9.594
"Unemployment, total (% of total labor force) (modeled ILO estimate)",SL.UEM.TOTL.ZS,Denmark,DNK,4.476,4.164,4.274,5.398,5.204,4.83,3.897,3.801,3.683,6.409,7.746,7.769,7.798,7.384,6.925,6.278,5.989,5.833,5.131,5.018,5.637,5.043,4.434,5.094
"Unemployment, total (% of total labor force) (modeled ILO estimate)",SL.UEM.TOTL.ZS,France,FRA,10.218,8.61,8.702,8.306,8.914,8.882,8.832,8.008,7.386,9.122,9.279,9.228,9.841,9.913,10.273,10.354,10.057,9.409,9.018,8.415,8.009,7.874,7.308,7.335
"Unemployment, total (% of total labor force) (modeled ILO estimate)",SL.UEM.TOTL.ZS,Germany,DEU,7.917,7.773,8.482,9.779,10.727,11.193,10.277,8.732,7.508,7.88,7.043,5.967,5.372,5.316,4.979,4.612,4.104,3.781,3.384,3.163,3.881,3.594,3.12,3.068
"Unemployment, total (% of total labor force) (modeled ILO estimate)",SL.UEM.TOTL.ZS,India,IND,7.624,7.653,7.753,7.68,7.625,7.552,7.552,7.561,7.656,7.664,7.652,7.616,7.666,7.711,7.674,7.631,7.601,7.618,7.652,6.51,7.859,6.38,4.822,4.172
"Unemployment, total (% of total labor force) (modeled ILO estimate)",SL.UEM.TOTL.ZS,Indonesia,IDN,6.077,6.082,6.604,6.657,7.303,7.945,7.551,8.06,7.208,6.106,5.614,5.153,4.468,4.336,4.049,4.514,4.301,3.783,4.387,3.59,4.255,3.827,3.462,3.308
"Unemployment, total (% of total labor force) (modeled ILO estimate)",SL.UEM.TOTL.ZS,Ireland,IRL,4.318,3.684,4.216,4.478,4.491,4.237,4.355,4.98,6.774,12.609,14.534,15.354,15.451,13.735,11.858,9.908,8.374,6.713,5.741,4.95,5.623,6.364,4.501,4.288
"Unemployment, total (% of total labor force) (modeled ILO estimate)",SL.UEM.TOTL.ZS,Mexico,MEX,2.646,2.627,3.003,3.455,3.937,3.558,3.566,3.628,3.874,5.356,5.303,5.175,4.892,4.921,4.819,4.311,3.853,3.419,3.275,3.477,4.44,4.019,3.256,2.765
"Unemployment, total (% of total labor force) (modeled ILO estimate)",SL.UEM.TOTL.ZS,Netherlands,NLD,2.725,2.119,2.554,3.593,4.646,5.872,5.007,4.153,3.658,4.352,4.991,4.977,5.821,7.241,7.419,6.872,6.007,4.837,3.832,3.379,3.82,4.209,3.526,3.537
"Unemployment, total (% of total labor force) (modeled ILO estimate)",SL.UEM.TOTL.ZS,Switzerland,CHE,2.658,2.49,2.924,4.117,4.316,4.437,3.995,3.641,3.35,4.109,4.808,4.409,4.491,4.747,4.826,4.801,4.918,4.797,4.713,4.394,4.817,5.013,4.122,4.043
"Unemployment, total (% of total labor force) (modeled ILO estimate)",SL.UEM.TOTL.ZS,United Kingdom,GBR,5.558,4.696,5.037,4.807,4.594,4.835,5.411,5.342,5.705,7.627,7.924,8.169,8.25,7.704,6.363,5.517,4.867,4.452,4.12,3.613,4.472,4.826,3.73,3.984
"Unemployment, total (% of total labor force) (modeled ILO estimate)",SL.UEM.TOTL.ZS,United States,USA,3.992,4.731,5.783,5.989,5.529,5.084,4.623,4.622,5.784,9.254,9.633,8.949,8.069,7.375,6.168,5.28,4.869,4.355,3.896,3.669,8.055,5.349,3.65,3.638
"Unemployment, total (% of total labor force) (modeled ILO estimate)",SL.UEM.TOTL.ZS,Sweden,SWE,5.466,4.73,4.965,5.555,6.693,7.81,7.066,6.161,6.235,8.351,8.61,7.804,7.976,8.052,7.954,7.432,6.99,6.718,6.365,6.833,8.291,8.722,7.392,7.611
"Unemployment, total (% of total labor force) (modeled ILO estimate)",SL.UEM.TOTL.ZS,Poland,POL,14.928,18.435,20.211,19.899,18.822,17.592,13.794,9.551,7.069,8.131,9.578,9.576,10.031,10.293,8.971,7.475,6.141,4.867,3.835,3.267,3.155,3.268,2.811,2.743
"Unemployment, total (% of total labor force) (modeled ILO estimate)",SL.UEM.TOTL.ZS,Norway,NOR,3.458,3.738,4.022,4.221,4.256,4.381,3.397,2.493,2.521,3.1,3.527,3.196,3.129,3.425,3.486,4.296,4.68,4.164,3.801,3.684,4.424,4.359,3.231,3.572
"Unemployment, total (% of total labor force) (modeled ILO estimate)",SL.UEM.TOTL.ZS,Russian Federation,RUS,10.581,8.978,7.875,8.21,7.763,7.124,7.055,6.002,6.205,8.301,7.407,6.571,5.484,5.513,5.212,5.615,5.591,5.238,4.871,4.513,5.62,4.749,3.867,3.076
"Unemployment, total (% of total labor force) (modeled ILO estimate)",SL.UEM.TOTL.ZS,Japan,JPN,4.748,5.02,5.386,5.251,4.734,4.446,4.192,3.888,4.002,5.068,5.102,4.55,4.358,4.038,3.589,3.385,3.132,2.822,2.467,2.351,2.809,2.828,2.6,2.6
"Unemployment, total (% of total labor force) (modeled ILO estimate)",SL.UEM.TOTL.ZS,"Korea, Rep.",KOR,4.063,3.699,3.046,3.348,3.42,3.482,3.254,3.013,2.959,3.363,3.324,2.992,2.812,2.747,3.082,3.546,3.65,3.653,3.824,3.746,3.931,3.639,2.857,2.675
"Unemployment, total (% of total labor force) (modeled ILO estimate)",SL.UEM.TOTL.ZS,Israel,ISR,11.102,11.812,12.888,13.505,13.029,11.342,10.707,9.379,7.704,9.534,8.48,7.139,6.762,6.137,5.789,5.176,4.723,4.14,3.917,3.731,4.169,4.812,3.695,3.596
"Unemployment, total (% of total labor force) (modeled ILO estimate)",SL.UEM.TOTL.ZS,Italy,ITA,10.834,9.599,9.211,8.869,7.866,7.73,6.777,6.076,6.723,7.749,8.363,8.359,10.655,12.149,12.683,11.896,11.688,11.211,10.61,9.951,9.164,9.497,8.069,7.627
"Unemployment, total (% of total labor force) (modeled ILO estimate)",SL.UEM.TOTL.ZS,Finland,FIN,11.134,10.29,10.423,10.469,10.358,9.602,8.935,6.854,6.369,8.249,8.394,7.781,7.689,8.193,8.663,9.376,8.818,8.64,7.361,6.695,7.759,7.617,6.719,7.151
"Unemployment, total (% of total labor force) (modeled ILO estimate)",SL.UEM.TOTL.ZS,Chile,CHL,10.491,10.39,10.168,9.765,10.162,9.34,9.024,8.427,9.285,11.313,8.278,7.277,6.562,6.074,6.483,6.313,6.673,7.257,7.623,7.493,10.934,9.281,8.249,9.013
"Unemployment, total (% of total labor force) (modeled ILO estimate)",SL.UEM.TOTL.ZS,Brazil,BRA,10.889,10.649,10.641,11.168,10.072,10.551,9.692,9.28,8.268,9.419,8.422,7.578,7.251,7.071,6.755,8.538,11.58,12.792,12.329,11.936,13.697,13.158,9.231,7.947
"Unemployment, total (% of total labor force) (modeled ILO estimate)",SL.UEM.TOTL.ZS,China,CHN,3.26,3.8,4.24,4.58,4.49,4.52,4.43,4.35,4.59,4.72,4.53,4.55,4.58,4.6,4.63,4.65,4.56,4.47,4.31,4.56,5,4.55,4.98,4.67
"Unemployment, total (% of total labor force) (modeled ILO estimate)",SL.UEM.TOTL.ZS,Spain,ESP,13.785,10.348,11.146,11.283,11.09,9.146,8.452,8.232,11.254,17.857,19.86,21.39,24.789,26.094,24.441,22.057,19.635,17.224,15.255,14.104,15.532,14.781,12.917,12.179
"Unemployment, total (% of total labor force) (modeled ILO estimate)",SL.UEM.TOTL.ZS,Portugal,PRT,3.806,3.829,4.497,6.132,6.319,7.582,7.649,7.965,7.553,9.432,10.771,12.682,15.531,16.188,13.897,12.447,11.068,8.869,6.994,6.464,6.801,6.577,6.011,6.509
"Unemployment, total (% of total labor force) (modeled ILO estimate)",SL.UEM.TOTL.ZS,Luxembourg,LUX,2.345,1.805,2.621,3.675,5.113,4.488,4.731,4.065,5.06,5.194,4.423,5.122,5.03,6.045,6.044,6.796,6.669,5.523,5.589,5.592,6.766,5.571,4.588,5.184
"Unemployment, total (% of total labor force) (modeled ILO estimate)",SL.UEM.TOTL.ZS,New Zealand,NZL,6.13,5.433,5.282,4.745,4.005,3.807,3.857,3.661,4.167,6.121,6.557,6.491,6.931,5.839,5.428,5.415,5.147,4.736,4.335,4.109,4.595,3.776,3.297,3.729
"Unemployment, total (% of total labor force) (modeled ILO estimate)",SL.UEM.TOTL.ZS,Turkiye,TUR,6.495,8.381,10.358,10.542,10.838,10.636,10.227,10.285,10.965,14.026,11.879,9.789,9.21,9.713,9.901,10.304,10.899,10.919,10.956,13.73,13.148,11.969,10.465,9.388
"Unemployment, total (% of total labor force) (modeled ILO estimate)",SL.UEM.TOTL.ZS,Slovak Republic,SVK,18.546,19.148,18.541,17.549,18.206,16.276,13.395,11.16,9.514,12.023,14.387,13.634,13.966,14.226,11.536,11.492,9.679,8.142,6.544,5.761,6.719,6.894,6.143,5.84
"Unemployment, total (% of total labor force) (modeled ILO estimate)",SL.UEM.TOTL.ZS,Czechia,CZE,8.764,8.128,7.28,7.777,8.298,7.927,7.141,5.316,4.392,6.662,7.281,6.712,6.979,6.953,6.108,5.048,3.952,2.893,2.246,2.015,2.55,2.803,2.224,2.579
"Unemployment, total (% of total labor force) (modeled ILO estimate)",SL.UEM.TOTL.ZS,Estonia,EST,13.36,13.134,10.026,11.288,10.248,8.033,5.915,4.592,5.455,13.548,16.707,12.328,10.021,8.631,7.352,6.412,6.882,5.807,5.412,4.514,6.956,6.178,5.571,6.378
"Unemployment, total (% of total labor force) (modeled ILO estimate)",SL.UEM.TOTL.ZS,Latvia,LVA,14.211,13.821,13.829,12.061,11.708,10.033,7.03,6.052,7.739,17.515,19.482,16.206,15.047,11.867,10.846,9.873,9.643,8.715,7.412,6.312,8.098,7.513,6.815,6.465
"Unemployment, total (% of total labor force) (modeled ILO estimate)",SL.UEM.TOTL.ZS,Lithuania,LTU,15.931,16.84,13.008,12.874,10.684,8.325,5.78,4.25,5.826,13.785,17.814,15.39,13.365,11.77,10.698,9.12,7.862,7.073,6.147,6.255,8.487,7.112,5.955,6.841
"Unemployment, total (% of total labor force) (modeled ILO estimate)",SL.UEM.TOTL.ZS,Hungary,HUN,6.563,5.671,5.608,5.79,5.832,7.189,7.494,7.406,7.817,10.03,11.172,11.029,11.003,10.177,7.725,6.813,5.115,4.156,3.708,3.419,4.25,4.045,3.609,4.107
"Unemployment, total (% of total labor force) (modeled ILO estimate)",SL.UEM.TOTL.ZS,Greece,GRC,11.345,10.764,10.346,9.839,10.628,10.074,8.906,8.351,7.664,9.546,12.719,17.973,24.731,27.686,26.708,24.981,23.514,21.413,19.179,17.045,15.899,14.656,12.426,11.066
,,,,,,,,,,,,,,,,,,,,,,,,,,,
,,,,,,,,,,,,,,,,,,,,,,,,,,,
,,,,,,,,,,,,,,,,,,,,,,,,,,,
Data from database: World Development Indicators,,,,,,,,,,,,,,,,,,,,,,,,,,,
Last Updated: 10/07/2025,,,,,,,,,,,,,,,,,,,,,,,,,,,
